ADM0_CODE,ADM0_NAME,mean
2647,Montenegro,4.8998178248712705
2648,Serbia,5.494293866564712
74,South Sudan,6.569464478429005
6,Sudan,3.3949792822379568
147296,Taiwan,10.947674405349655
56,Cocos (Keeling) Islands,
54,Christmas Island,
16,Ashmore and Cartier Islands,
82,Faroe Islands,
88,French Southern and Antarctic Territories,
161,Mayotte,10.6
206,R�union,
247,Tromelin Island,
131,Juan de Nova Island,
96,Glorioso Island,
80,Europa Island,
25,Bassas da India,
210,Saint Pierre et Miquelon,
37,Brazil,10.43624320450996
250,Turkmenistan,1.7476150088715767
261,Uzbekistan,2.7329569499659305
239,Tajikistan,2.367766421784378
138,Kyrgyzstan,2.826613429551266
132,Kazakhstan,1.696642712552974
167,Mongolia,2.5572954798462257
202,Republic of Korea,9.33846769725981
67,Dem People's Rep of Korea,6.2184101004569365
147295,China,6.766308009771052
171,Myanmar,5.729070935193512
44,Cambodia,7.503255152979331
264,Viet Nam,12.506446587039466
139,Lao People's Democratic Republic,6.579692820654316
153,Malaysia,14.99418525677969
240,Thailand,5.595139881271759
40,Brunei Darussalam,16.300728103503044
196,Philippines,15.189386359519817
116,Indonesia,13.672487761333487
222,Singapore,8.892086330935252
242,Timor-Leste,12.194156720162923
154,Maldives,
175,Nepal,8.981299035318951
188,Pakistan,2.8998443910157516
115,India,5.47007134109639
117,Iran  (Islamic Republic of),3.3443477382286244
231,Sri Lanka,11.07363719768711
31,Bhutan,12.654338764510333
23,Bangladesh,13.28658495467545
1,Afghanistan,1.7457750109247834
187,Oman,2.133102694828842
137,Kuwait,1.0035055350553506
141,Lebanon,2.751115936432278
201,Qatar,
215,Saudi Arabia,1.2997588029502616
249,Turkey,2.4420020448619466
269,Yemen,1.8177360325271155
118,Iraq,1.2206641153836437
130,Jordan,1.3849452393530661
238,Syrian Arab Republic,2.057210192788123
121,Israel,1.7622772731009435
92,Georgia,7.531513443370173
64,Cyprus,1.8333592309031228
21,Bahrain,
19,Azerbaijan,2.8764833714812057
13,Armenia,4.264906505502668
255,United Arab Emirates,1.321183953033268
165,"Moldova, Republic of",6.209146608047809
113,Hungary,5.870951796597591
198,Poland,5.971636902965009
203,Romania,5.463104414748427
254,Ukraine,6.820131615580638
26,Belarus,6.6826011636115075
65,Czech Republic,7.304569046084433
223,Slovakia,5.6974431255833435
41,Bulgaria,6.144724815306106
186,Norway,16.52922864164946
236,Sweden,13.521164603298287
147,Lithuania,8.466286514661592
140,Latvia,11.160321157699766
119,Ireland,15.895032506772628
114,Iceland,
256,U.K. of Great Britain and Northern Ireland,11.760744054197115
84,Finland,16.036030141403355
78,Estonia,12.38706736581621
69,Denmark,11.127010590791867
241,The former Yugoslav Republic of Macedonia,3.8381284316300377
62,Croatia,7.411535465789853
156,Malta,1.4040047855928468
213,San Marino,5.568429149663311
224,Slovenia,10.309241465375145
97,Greece,4.09674495918839
122,Italy,5.622007335378551
199,Portugal,4.219181538219476
229,Spain,2.5066599690900198
34,Bosnia and Herzegovina,9.33503498695744
7,Andorra,8.138271604938272
3,Albania,4.367378302894198
166,Monaco,5.0
177,Netherlands,13.96047574231021
148,Luxembourg,9.836753293731057
146,Liechtenstein,17.84093391894922
85,France,6.9084025908522175
93,Germany,8.959327733601548
237,Switzerland,9.969953180313563
27,Belgium,8.26017873726281
18,Austria,7.479148973885709
17,Australia,2.5102877942173136
189,Palau,
46,Canada,9.938569246947313
46,Canada,15.552980252011839
46,Canada,
170,Mozambique,8.977592797129093
160,Mauritius,
152,Malawi,4.573991673502201
205,Rwanda,9.270583137177336
226,Somalia,2.450583121580129
270,Zambia,6.073978254671463
133,Kenya,8.389416081946697
150,Madagascar,5.68246925195442
220,Seychelles,
257,United Republic of Tanzania,4.703203369997711
253,Uganda,13.180531779648222
271,Zimbabwe,2.6239271356567024
79,Ethiopia,8.003086379703932
77,Eritrea,2.454230783912826
70,Djibouti,
58,Comoros,
43,Burundi,10.240806556898548
89,Gabon,10.644954458293384
76,Equatorial Guinea,10.0
50,Chad,3.5461582600993973
214,Sao Tome and Principe,
59,Congo,7.760894132650992
68,Democratic Republic of the Congo,10.582674742555026
45,Cameroon,4.051128310487194
49,Central African Republic,8.415824237352442
8,Angola,4.766266561931389
169,Morocco,1.6473508135250128
145,Libya,1.2792314299379723
248,Tunisia,1.6671752827436361
40765,Egypt,2.1581180332457066
4,Algeria,2.770018664923917
172,Namibia,1.386438901632108
235,Swaziland,9.790836779009314
142,Lesotho,2.32621838153397
227,South Africa,3.1596632989742233
35,Botswana,1.9286752267561351
243,Togo,4.094082589022406
221,Sierra Leone,10.930664453757146
217,Senegal,1.3553751925097752
182,Nigeria,2.2000091554748553
181,Niger,1.1013797509197087
159,Mauritania,1.1495499554049458
155,Mali,1.7730656939972664
144,Liberia,7.950463276569155
105,Guinea-Bissau,7.269430102436351
90,Gambia,1.7216492784026491
106,Guinea,6.127781435537929
94,Ghana,3.9881999476573595
47,Cape Verde,
66,C�te d'Ivoire,6.006608128604976
42,Burkina Faso,1.6236344615921259
29,Benin,3.719146683407305
234,Svalbard and Jan Mayen Islands,
151,Madeira Islands,
74578,Azores Islands,
104,Guernsey,15.532730673316708
128,Jersey,13.335858758998972
38,British Indian Ocean Territory,
120,Isle of Man,18.6038665881211
110,Holy See,
98,Greenland,
268,Western Sahara,
91,Gaza Strip,1.0607786466566975
267,West Bank,1.2566232380995106
267,West Bank,1.259797526872213
95,Gibraltar,3.2222222222222223
207,Saint Helena,
149,Macau,
33364,Hong Kong,13.595774273310134
102,Abyei,1.9812244709028983
193,Paracel Islands,
218,Senkaku Islands,
216,Scarborough Reef,
52,China/India,6.095238095238095
2,Aksai Chin,
230,Spratly Islands,
40781,Jammu and Kashmir,9.264284355510169
15,Arunachal Pradesh,15.409586989131341
61013,Ilemi triangle,
40760,Hala'ib triangle,
40762,Ma'tan al-Sarra,
184,Norfolk Island,
266,Wallis and Futuna,
87,French Polynesia,
126,Japan,12.564329948897425
204,Russian Federation,5.9866981807063295
179,New Zealand,12.935039804640045
17,Australia,8.579042308918423
17,Australia,4.340614686899737
192,Papua New Guinea,13.034391974856304
262,Vanuatu,12.967249445949273
225,Solomon Islands,
83,Fiji,
157,Marshall Islands,
173,Nauru,
163,Micronesia (Federated States of),
135,Kiribati,
212,Samoa,
245,Tonga,
252,Tuvalu,
46,Canada,
46,Canada,13.01142873053772
46,Canada,8.694401593066383
46,Canada,2.2276182593812117
46,Canada,4.171276747552467
46,Canada,
46,Canada,
259,United States of America,1.8114313119237762
259,United States of America,4.729556224874401
259,United States of America,18.90363665769017
60,Cook Islands,
183,Niue,
185,Northern Mariana Islands,
265,Wake Island,
127,Jarvis Island,
178,New Caledonia,
244,Tokelau,
101,Guam,
5,American Samoa,
136,Kuril islands,
158,Martinique,
100,Guadeloupe,2.0
55,Clipperton Island,
195,Peru,4.4470445892849355
51,Chile,12.96547988189306
33,Bolivia,10.968974941892473
71,Dominica,
72,Dominican Republic,13.043835254510169
11,Antigua and Barbuda,
63,Cuba,16.8239517177379
99,Grenada,
123,Jamaica,13.338288688768413
208,Saint Kitts and Nevis,
246,Trinidad and Tobago,14.39045643153527
20,Bahamas,14.006704980842912
209,Saint Lucia,
211,Saint Vincent and the Grenadines,
24,Barbados,
108,Haiti,8.217366191759723
191,Panama,13.328972116420292
75,El Salvador,20.23471878486337
180,Nicaragua,17.293848096353287
162,Mexico,5.484947719508628
111,Honduras,16.536076620931492
103,Guatemala,20.484818427231716
61,Costa Rica,17.859100401350407
28,Belize,15.457242074660146
259,United States of America,6.2867674650200085
259,United States of America,14.6060423456286
57,Colombia,14.888460038711813
107,Guyana,12.439005182419967
73,Ecuador,10.753371604265485
86,French Guiana,16.4
194,Paraguay,12.693369091088172
233,Suriname,13.342708987250555
260,Uruguay,8.893561351523374
263,Venezuela,12.034419002798776
176,Netherlands Antilles,2.6666666666666665
174,Navassa Island,
200,Puerto Rico,11.931357462199339
190,Palmyra Atoll,
164,Midway Island,
134,Kingman Reef,
129,Johnston Atoll,
112,Howland Island,
22,Baker Island,
32,Bird Island,
14,Aruba,
197,Pitcairn,
48,Cayman Islands,15.881720430107526
168,Montserrat,
251,Turks and Caicos islands,
39,British Virgin Islands,
9,Anguilla,1.7142857142857142
30,Bermuda,
258,United States Virgin Islands,2.125
81,Falkland Islands (Malvinas),
228,South Georgia and the South Sandwich Islands,
12,Argentina,5.9450001571326325
109,Heard Island and McDonald Islands,
36,Bouvet Island,
10,Antarctica,
